{
    "Objects": [
        {
            "Name": "Main Camera",
            "Type": 3,
            "siblingIndex": 0,
            "Position": {
                "x": -0.06468188017606735,
                "y": 1.125883936882019,
                "z": 3.0415430068969728
            },
            "EulerAngles": {
                "x": 9.040874481201172,
                "y": 178.70986938476563,
                "z": 359.84716796875
            },
            "Scale": {
                "x": 1.0,
                "y": 1.0,
                "z": 1.0
            }
        },
        {
            "Name": "TeddyBear",
            "Type": 3,
            "siblingIndex": 2,
            "Position": {
                "x": 0.0,
                "y": 0.0,
                "z": 0.0
            },
            "EulerAngles": {
                "x": 0.0,
                "y": 0.0,
                "z": 0.0
            },
            "Scale": {
                "x": 1.0,
                "y": 1.0,
                "z": 1.0
            }
        },
        {
            "Name": "Point light",
            "Type": 3,
            "siblingIndex": 3,
            "Position": {
                "x": 0.07999999821186066,
                "y": 0.5546875,
                "z": -0.3630000054836273
            },
            "EulerAngles": {
                "x": 0.0,
                "y": 0.0,
                "z": 0.0
            },
            "Scale": {
                "x": 1.0,
                "y": 1.0,
                "z": 1.0
            }
        }
    ]
}