{
    "Objects": [
        {
            "Name": "Main Camera",
            "Type": 3,
            "siblingIndex": 0,
            "Position": {
                "x": 0.2774217426776886,
                "y": 1.1312737464904786,
                "z": 1.873927116394043
            },
            "EulerAngles": {
                "x": 13.442736625671387,
                "y": 196.24964904785157,
                "z": 359.967529296875
            },
            "Scale": {
                "x": 1.0,
                "y": 1.0,
                "z": 1.0
            }
        },
        {
            "Name": "Directional Light",
            "Type": 3,
            "siblingIndex": 1,
            "Position": {
                "x": 0.0,
                "y": 3.0,
                "z": 0.0
            },
            "EulerAngles": {
                "x": 50.0,
                "y": 330.0,
                "z": 0.0
            },
            "Scale": {
                "x": 1.0,
                "y": 1.0,
                "z": 1.0
            }
        },
        {
            "Name": "TeddyBear",
            "Type": 3,
            "siblingIndex": 2,
            "Position": {
                "x": 0.041999999433755878,
                "y": 0.0,
                "z": 0.0
            },
            "EulerAngles": {
                "x": 0.0,
                "y": 0.0,
                "z": 0.0
            },
            "Scale": {
                "x": 1.0,
                "y": 1.0,
                "z": 1.0
            }
        },
        {
            "Name": "Sphere",
            "Type": 0,
            "siblingIndex": 3,
            "Position": {
                "x": -1.0509999990463257,
                "y": 0.36899998784065249,
                "z": -0.20738983154296876
            },
            "EulerAngles": {
                "x": 0.0,
                "y": 0.0,
                "z": 0.0
            },
            "Scale": {
                "x": 1.0,
                "y": 1.0,
                "z": 1.0
            }
        }
    ]
}