{
    "Objects": [
        {
            "Name": "Main Camera",
            "Type": 3,
            "siblingIndex": 0,
            "Position": {
                "x": 2.7108993530273439,
                "y": 3.2802608013153078,
                "z": -3.611302375793457
            },
            "EulerAngles": {
                "x": 24.61546516418457,
                "y": 343.1009216308594,
                "z": 359.9627990722656
            },
            "Scale": {
                "x": 1.0,
                "y": 1.0,
                "z": 1.0
            }
        },
        {
            "Name": "Directional Light",
            "Type": 3,
            "siblingIndex": 1,
            "Position": {
                "x": 0.0,
                "y": 3.0,
                "z": 0.0
            },
            "EulerAngles": {
                "x": 50.0,
                "y": 330.0,
                "z": 0.0
            },
            "Scale": {
                "x": 1.0,
                "y": 1.0,
                "z": 1.0
            }
        },
        {
            "Name": "Cube",
            "Type": 3,
            "siblingIndex": 2,
            "Position": {
                "x": 0.0,
                "y": 0.9700000286102295,
                "z": 0.0
            },
            "EulerAngles": {
                "x": 0.0,
                "y": 0.0,
                "z": 0.0
            },
            "Scale": {
                "x": 1.0,
                "y": 1.0,
                "z": 1.0
            }
        },
        {
            "Name": "Sphere",
            "Type": 0,
            "siblingIndex": 3,
            "Position": {
                "x": 1.7000000476837159,
                "y": 0.9700000286102295,
                "z": 0.0
            },
            "EulerAngles": {
                "x": 0.0,
                "y": 0.0,
                "z": 0.0
            },
            "Scale": {
                "x": 1.0,
                "y": 1.0,
                "z": 1.0
            }
        }
    ]
}