{
    "Objects": [
        {
            "Name": "Main Camera",
            "Type": 3,
            "siblingIndex": 0,
            "Position": {
                "x": -0.4199466109275818,
                "y": 1.0945897102355958,
                "z": 2.3078598976135256
            },
            "EulerAngles": {
                "x": 10.5878324508667,
                "y": 171.31607055664063,
                "z": 359.85101318359377
            },
            "Scale": {
                "x": 1.0,
                "y": 1.0,
                "z": 1.0
            }
        },
        {
            "Name": "Point light",
            "Type": 3,
            "siblingIndex": 2,
            "Position": {
                "x": 0.014999999664723874,
                "y": 0.8960000276565552,
                "z": -0.2409999966621399
            },
            "EulerAngles": {
                "x": 0.0,
                "y": 0.0,
                "z": 0.0
            },
            "Scale": {
                "x": 1.0,
                "y": 1.0,
                "z": 1.0
            }
        },
        {
            "Name": "unitychan",
            "Type": 3,
            "siblingIndex": 3,
            "Position": {
                "x": 0.0,
                "y": 0.0,
                "z": 0.0
            },
            "EulerAngles": {
                "x": 0.0,
                "y": 0.0,
                "z": 0.0
            },
            "Scale": {
                "x": 1.0,
                "y": 1.0,
                "z": 1.0
            }
        }
    ]
}